{
  "general": {
    "generateOverrideConfigs": {
      "value": false,
      "comment": "If true, then crafting and damage override config files, as well as language template files, will be dumped into the config folder at boot.  WARNING: this will overwrite your existing override config files!  Language files must be put into packs to function and will NOT overwrite anything."
    },
    "opSignEditingOnly": {
      "value": false,
      "comment": "If true, only OPs will be able to edit signs on servers.  Does not affect client worlds."
    },
    "opPickupVehiclesOnly": {
      "value": false,
      "comment": "If true, only OPs will be able to pick up vehicles with wrenches.  Does not affect client worlds."
    },
    "creativePickupVehiclesOnly": {
      "value": false,
      "comment": "If true, vehicles can only be picked up in creative mode."
    },
    "keyRequiredToStartVehicles": {
      "value": false,
      "comment": "If true, vehicles can only be started if the player has the key in their hand."
    },
    "noclipVehicles": {
      "value": false,
      "comment": "If true, vehicles will not be able to collide with blocks.  This also prevents them from moving if they do not have wheels on them, as otherwise they would phase through the ground into the void."
    },
    "chunkloadVehicles": {
      "value": true,
      "comment": "If true, vehicles will be chunkloaded when on roads/tracks.  This allows them to travel into unloaded chunks."
    },
    "doLegacyLightCompats": {
      "value": true,
      "comment": "If true, legacy compatibility code will be performed on all models to make their lights work with newer versions.  This code will significantly slow down boot times due to needing to parse all models on boot, however, packs may not have functional lights without it.  Choose wisely if you want speed or features."
    },
    "useHSV": {
      "value": false,
      "comment": "If enabled, the MTS dev mode will export color values as HSV instead of hex."
    },
    "allPlanesWithNav": {
      "value": false,
      "comment": "If true, all planes will have the ability to use beacons for navigation.  This is false to allow pack authors to define new/old planes that have this capability, but can be turned on if you don't care about realism."
    },
    "giveManualsOnJoin": {
      "value": true,
      "comment": "If true, then whenever a new player joins a world, they will be given a copy of the mod manuals."
    },
    "performModCompatFunctions": {
      "value": true,
      "comment": "If true, mod compatibility functions will be executed.  Should be true unless you're configuring a modpack and know and have addressed the various incompatibilities."
    },
    "forceRenderLastSolid": {
      "value": false,
      "comment": "If enabled, MTS will do rendering on the world-last Forge event.  This is not normally something you want, but can be used if some mods make things invisible.  Replaymod being one such example."
    },
    "devMode": {
      "value": false,
      "comment": "If enabled, MTS will allow access to the dev mode GUI while sitting in vehicles.  The GUI allows editing JSONs in-game without the need to restart."
    },
    "roadMaxLength": {
      "value": 32,
      "comment": "How long a single segment of road can be, in blocks.  While you can have longer segements, be aware they have more collision boxes and will generate more lag when broken or interacted with, and may not render if outside the chunk they are in.  Must be a whole number."
    },
    "aircraftSpeedFactor": {
      "value": 0.35,
      "comment": "Factor to apply to aircraft movement.  1 is the realistic value, but this makes vehicles move too fast for Minecraft. Adjust with caution."
    },
    "carSpeedFactor": {
      "value": 0.35,
      "comment": "Factor to apply to car movement.  1 is the realistic value, but this makes vehicles move too fast for Minecraft. Adjust with caution."
    },
    "fuelUsageFactor": {
      "value": 1.0,
      "comment": "Factor times which engines use fuel.  Change this if you think engines use fuel too fast or slow.  Setting it to 0 will disable fuel and allow engines to run without it."
    },
    "engineHoursFactor": {
      "value": 1.0,
      "comment": "Factor times which engines hours accumulate.  Change this if you want to adjust how fast engines wear out."
    },
    "climbSpeed": {
      "value": 0.125,
      "comment": "How far a vehicle will 'climb' blocks every tick when the wheels go into the ground.  Higher values make vehicles climb blocks quicker at the cost of smooth movement."
    },
    "gravityFactor": {
      "value": 1.0,
      "comment": "Factor for gravitational forces applied to vehicles.  Can be adjusted if you think cars are too 'floaty'.  Does not affect aircraft."
    },
    "maxFlightHeight": {
      "value": 0.0,
      "comment": "How high planes can fly.  Setting this to 0 (default) will allow planes to fly as high as their natural physics allows.  Useful if you want to cap vertical height for some reason."
    },
    "engineSpeedTempFactor": {
      "value": 1.0,
      "comment": "Factor for how RPM affects engine temp.  Higher values will make engines heat up quicker at higher RPMs."
    },
    "engineBiomeTempFactor": {
      "value": 1.0,
      "comment": "Factor for how biome temp affects engine temp.  Higher values will make engines heat up quicker in hotter biomes."
    },
    "rfToElectricityFactor": {
      "value": 0.02,
      "comment": "Factor for converting RF to internal electicity for vehicles.  Default value is 1/100, but can be adjusted."
    },
    "vehicleDeathDespawnTime": {
      "value": 0.0,
      "comment": "Time (in seconds) between when vehicles reach 0 health and they de-spawn.  Normally 0, which means they never de-spawn."
    },
    "seaLevel": {
      "value": 63,
      "comment": "The Y-Level that will be used to base altitude off of. Will also be factored in for engine performance calculations. Change only if you know what you're doing/ why this matters to engines/flying."
    },
    "defaultVehicleRepairMaterials": {
      "value": [],
      "comment": "List of items that can be used to repair vehicles by default, if no repair recipe is set in the vehicle's JSON."
    },
    "defaultPartRepairMaterials": {
      "value": [],
      "comment": "List of items that can be used to repair part by default, if no repair recipe is set in the part's JSON."
    },
    "engineDimensionBlacklist": {
      "value": [],
      "comment": "Blacklist of dimension names where engines will be prevented from being started.  Can be used to disable vehicles in specific dimensions.  Think Galacticraft, where you don't want folks flying planes on the moon."
    },
    "engineDimensionWhitelist": {
      "value": [],
      "comment": "Whitelist of dimension names where engines will only be alowed to work.  Overrides the blacklist if this exists."
    },
    "packVehicleScales": {
      "value": {
        "auweschveb": 1.0,
        "auweschvebh": 1.0,
        "auweschvebx": 1.0,
        "auweschvebm": 1.0,
        "mts": 1.0,
        "iavm": 1.0,
        "iav": 1.0
      },
      "comment": "Scale of all vehicles for this pack.  You probably won't want to change this, but if you do want the vehicles to be smaller for some reason, you can."
    },
    "packSpeedFactors": {
      "value": {
        "auweschveb": 1.0,
        "auweschvebh": 1.0,
        "auweschvebx": 1.0,
        "auweschvebm": 1.0,
        "mts": 1.0,
        "iavm": 1.0,
        "iav": 1.0
      },
      "comment": "A mapping of pack-speciifc speed factors.  These values will only apply to the vehicles in the pack modified.  This allows for speeding up packs with slower vehicles, or slowing down packs with fast vehicles for a more even play experience.  Note that this applies on top of the global speed factor.  So if that is set to 0.30, and a pack is set to 0.5, then the total speed factor will be 0.15"
    },
    "itemWeights": {
      "comment1": "The following section is used for calculating item weights.  Any item that contains the text bits will have its weight multiplied by the following factor.",
      "comment2": "This mass factors into vehicle performance, with particular emphasis on vehicle payloads.  Some defaults are presented here, but you can add/remove to your liking.",
      "comment3": "Note that the part of the name searched is the item's registry name, NOT the in-game display name.  This is similar to what is in the /give command.",
      "weights": {
        "gold": 4.0,
        "diamond": 4.0,
        "ore": 2.5,
        "iron": 4.0,
        "coal": 2.0,
        "stone": 1.5
      }
    },
    "joinedPlayers": {
      "value": [
        "ca8a1e01-85fa-4114-a866-7e8d52b526c7"
      ],
      "comment": "Listing of players that have joined this world.  Players will be given the manual on their first join."
    }
  },
  "damage": {
    "bulletBlockBreaking": {
      "value": true,
      "comment": "Whether or not bullets/bombs can break blocks when they hit them.  This will also disable explosive block breakage (though not explosions themselves) and prevent incendiary bullets from setting blocks on fire."
    },
    "bulletExplosions": {
      "value": true,
      "comment": "Whether or not bullets/bombs will blow up.  This does not disable block breakage, but it will pretty much nerf all block mass-destruction weapons."
    },
    "vehicleBlockBreaking": {
      "value": true,
      "comment": "Whether or not vehicles can break blocks when they run into them.  If false, vehicles will simply stop when they hit blocks."
    },
    "vehicleDestruction": {
      "value": true,
      "comment": "Whether or not vehicles can be destroyed by ramming into blocks at high speeds.  Set this to false if you don't like loosing vehicles to badly-placed walls."
    },
    "vehicleExplosions": {
      "value": true,
      "comment": "Whether or not vehicles explode when crashed or shot down.  If this is false, vehicles will simply poof when they crash."
    },
    "creativePlayerDamage": {
      "value": false,
      "comment": "If true, damage from vehicles and guns will be applied to creative players.  Not sure why you'd want this, but it's here."
    },
    "wheelBreakage": {
      "value": true,
      "comment": "Whether or not wheels can be broken (go flat)."
    },
    "wheelDamageIgnoreVelocity": {
      "value": false,
      "comment": "Whether or not velocity is ignored when calculating wheel damage."
    },
    "allowExternalDamage": {
      "value": false,
      "comment": "Whether or not non-IV things can damage vehicles.  This is normally false, as external damage is a hassle for most people, but can be true if you want other mod's guns to be able to attack vehicles in addition to IV's."
    },
    "propellerDamageFactor": {
      "value": 1.0,
      "comment": "Factor for damage caused by a propeller."
    },
    "jetDamageFactor": {
      "value": 1.0,
      "comment": "Factor for damage caused by a jet engine."
    },
    "wheelDamageFactor": {
      "value": 1.0,
      "comment": "Factor for damage caused by wheels on vehicles."
    },
    "crashDamageFactor": {
      "value": 1.0,
      "comment": "Factor for damage caused by crashes."
    },
    "bulletDamageFactor": {
      "value": 1.0,
      "comment": "Factor for damage caused by bullets on vehicles."
    },
    "wheelDamageMinimumVelocity": {
      "value": 0.2,
      "comment": "Minimum velocity (blocks/second) which vehicles must be going to damage entities with their wheels."
    },
    "packBulletDamageFactors": {
      "value": {
        "auweschveb": 1.0,
        "auweschvebh": 1.0,
        "auweschvebx": 1.0,
        "auweschvebm": 1.0,
        "mts": 1.0,
        "iavm": 1.0,
        "iav": 1.0
      },
      "comment": "A mapping of pack-speciifc bullet damage factors.  These values will apply to all bullets in a pack when they hit something, be it a vehicle or entity."
    }
  },
  "fuel": {
    "comment1": "The following section is used for fuel configs for engines.  Each entry here is a single fuel type for engines.",
    "comment2": "Inside each entry exist values for the potency of the fluids that can be considered to be that fuel type.",
    "comment3": "You can make engines take different types of fluids for their fuels by editing these values.  See the in-game handbook for more information.",
    "comment4": "If you are having troubles getting the name for a particular fluid, run the game with the mods you want and check the 'lastLoadedFluids' list.  This contains all the fluids that were present during the last run of the game.",
    "comment5": "The first entry in the list is the registered fluid name, while the second entry will be the displayed name.  Only use the first name, as the second name changes based on game language settings.",
    "fuels": {
      "diesel": {
        "creosote": 0.7,
        "diesel": 1.0,
        "lava": 1.0,
        "oil": 0.5,
        "biodiesel": 0.8
      },
      "furnace": {
        "lava": 1.0
      },
      "avgas": {
        "lava": 1.0,
        "gasoline": 1.0
      },
      "electricity": {
        "lava": 1.0
      },
      "gasoline": {
        "lava": 1.0,
        "gasoline": 1.0,
        "ethanol": 0.85
      }
    },
    "lastLoadedFluids": {
      "seed_oil": "Seed Oil",
      "petrotheum": "Tectonic Petrotheum",
      "liquidhydrogenchloride": "Liquid Hydrogen Chloride",
      "fuel_mixed_heavy": "Mixed Heavy Fuels (§bCool§r)",
      "potion_splash": "Splash Potion",
      "oil_residue": "Residue (§bCool§r)",
      "dark_steel": "Molten Dark Steel",
      "construction_alloy": "Molten Iron Alloy",
      "redstone_alloy": "Molten Redstone Alloy",
      "brine": "Brine",
      "ender": "Resonant Ender",
      "manyullyn": "Molten Manyullyn",
      "cloud_seed": "Cloud Seed",
      "refined_fuel": "Refined Fuel",
      "glowstone": "Energized Glowstone",
      "purpleslime": "Liquid Purple Slime",
      "tree_oil": "Tree Oil",
      "liquidhydrogen": "Liquid Hydrogen",
      "fuel_dense": "Dense Fuel (§bCool§r)",
      "invar": "Molten Invar",
      "zinc": "Molten Zinc",
      "biodiesel": "Biodiesel",
      "oil_heavy_heat_1": "Heavy Oil (§6Hot§r)",
      "liquidsulfurdioxide": "Liquid Sulfur Dioxide",
      "oil_heat_1": "Oil (§6Hot§r)",
      "liquidoxygen": "Liquid Oxygen",
      "biofuel": "Biofuel",
      "ic2creosote": "Creosote",
      "milk": "Milk",
      "fuel_dense_heat_1": "Dense Fuel (§6Hot§r)",
      "crude_oil": "Crude Oil",
      "oil_distilled": "Distilled Oil (§bCool§r)",
      "fuel_dense_heat_2": "Dense Fuel (§cSearing§r)",
      "oil_heavy_heat_2": "Heavy Oil (§cSearing§r)",
      "chocolate_liquor": "Chocolate Liquor",
      "bronze": "Molten Bronze",
      "end_steel": "Molten End Steel",
      "ic2distilled_water": "Distilled Water",
      "fuel_light_heat_1": "Light Fuel (§6Hot§r)",
      "fuel_light_heat_2": "Light Fuel (§cSearing§r)",
      "liquidsodium": "Liquid Sodium",
      "oil_heavy": "Heavy Oil (§bCool§r)",
      "rocket_fuel": "Rocket Fuel",
      "silver": "Molten Silver",
      "vibrant_alloy": "Molten Vibrant Alloy",
      "liquidlithium": "Liquid Lithium",
      "ic2uu_matter": "UU-Matter",
      "oil_heat_2": "Oil (§cSearing§r)",
      "redstone": "Destabilized Redstone",
      "liquidchlorine": "Liquid Chlorine",
      "aerotheum": "Zephyrean Aerotheum",
      "if.pink_slime": "Pink Slime",
      "steel": "Molten Steel",
      "ic2weed_ex": "Weed-Ex",
      "ic2hydrogen": "Hydrogen",
      "crystal": "Crystallized Obsidian",
      "essence": "Essence",
      "cobalt": "Molten Cobalt",
      "ic2air": "Air",
      "aluminum": "Molten Aluminum",
      "ethanol": "Ethanol",
      "liquid_sunshine": "Liquid Sunshine",
      "refined_oil": "Naphtha",
      "clay": "Molten Clay",
      "gold": "Molten Gold",
      "cloud_seed_concentrated": "Concentrated Cloud Seed",
      "copper": "Molten Copper",
      "hootch": "Hootch",
      "potion_lingering": "Lingering Potion",
      "ic2construction_foam": "Construction Foam",
      "electrum": "Molten Electrum",
      "pyrotheum": "Blazing Pyrotheum",
      "biomass": "Biomass",
      "pulsating_iron": "Molten Pulsating Iron",
      "poison": "Poison",
      "amber": "Amber",
      "biocrude": "Biocrude",
      "constantan": "Molten Constantan",
      "blood": "Blood",
      "lead": "Molten Lead",
      "ic2hot_water": "Hotspring Water",
      "alubrass": "Molten Aluminum Brass",
      "fuel_gaseous_heat_2": "Gaseous Fuel (§cSearing§r)",
      "mana": "Primal Mana",
      "liquidethene": "Liquid Ethylene",
      "fuel_gaseous_heat_1": "Gaseous Fuel (§6Hot§r)",
      "if.ore_fluid_fermented": "Fermented Ore Meat",
      "refined_biofuel": "Grassoline",
      "fuel_mixed_light": "Mixed Light Fuels (§bCool§r)",
      "ic2biogas": "Biogas",
      "sewage": "Sewage",
      "ic2superheated_steam": "Superheated Steam",
      "xpjuice": "Liquid XP",
      "oil_residue_heat_2": "Residue (§cSearing§r)",
      "electrical_steel": "Molten Electrical Steel",
      "oil_residue_heat_1": "Residue (§6Hot§r)",
      "oil_dense": "Dense Oil (§bCool§r)",
      "fuel_mixed_heavy_heat_2": "Mixed Heavy Fuels (§cSearing§r)",
      "fuel_mixed_heavy_heat_1": "Mixed Heavy Fuels (§6Hot§r)",
      "fire_water": "Fire Water",
      "knightslime": "Molten Knightslime",
      "ic2biomass": "Biomass",
      "fuel_light": "Light Fuel (§bCool§r)",
      "experience": "Essence of Knowledge",
      "latex": "Latex",
      "dark_chocolate": "Dark Chocolate",
      "platinum": "Molten Platinum",
      "pigiron": "Molten Pigiron",
      "tin": "Molten Tin",
      "ardite": "Molten Ardite",
      "ic2oxygen": "Oxygen",
      "obsidian": "Molten Obsidian",
      "glass": "Molten Glass",
      "fuel_mixed_light_heat_2": "Mixed Light Fuels (§cSearing§r)",
      "fuel_mixed_light_heat_1": "Mixed Light Fuels (§6Hot§r)",
      "oil_distilled_heat_1": "Distilled Oil (§6Hot§r)",
      "vapor_of_levity": "Vapor of Levity",
      "oil_distilled_heat_2": "Distilled Oil (§cSearing§r)",
      "cryotheum": "Gelid Cryotheum",
      "ender_distillation": "Dew of the Void",
      "dirt": "Liquid Dirt",
      "brass": "Molten Brass",
      "soularium": "Molten Soularium",
      "water": "Water",
      "resin": "Resin",
      "mushroom_stew": "Mushroom Stew",
      "ic2steam": "Steam",
      "coal": "Liquifacted Coal",
      "liquidtritium": "Liquid Tritium",
      "uranium": "Molten Uranium",
      "liquidfusionfuel": "Liquid D-T Fuel",
      "emerald": "Molten Emerald",
      "sulfuricacid": "Sulfuric Acid",
      "concrete": "Liquid Concrete",
      "oil_dense_heat_2": "Dense Oil (§cSearing§r)",
      "heavywater": "Heavy Water",
      "iridium": "Molten Iridium",
      "lava": "Lava",
      "lumium": "Molten Lumium",
      "energetic_alloy": "Molten Energetic Alloy",
      "oil": "Oil (§bCool§r)",
      "signalum": "Molten Signalum",
      "enderium": "Molten Enderium",
      "liquiddeuterium": "Liquid Deuterium",
      "steam": "Steam",
      "oil_dense_heat_1": "Dense Oil (§6Hot§r)",
      "if.protein": "Protein",
      "ic2hot_coolant": "IC2 Hot Coolant",
      "if.ore_fluid_raw": "Raw Ore Meat",
      "ic2heavy_water": "Heavy Water",
      "creosote": "Creosote Oil",
      "nickel": "Molten Nickel",
      "ic2pahoehoe_lava": "Pahoehoe Lava",
      "milk_chocolate": "Milk Chocolate",
      "potion": "Potion",
      "sap": "Sap",
      "sludge": "Sludge",
      "blueslime": "Liquid Blue Slime",
      "plantoil": "Plant Oil",
      "syrup": "Syrup",
      "nutrient_distillation": "Nutrient Distillation",
      "liquidsulfurtrioxide": "Liquid Sulfur Trioxide",
      "stone": "Seared Stone",
      "ic2coolant": "IC2 Coolant",
      "conductive_iron": "Molten Conductive Iron",
      "meat": "Liquid Meat",
      "iron": "Molten Iron",
      "fuel_gaseous": "Gaseous Fuel (§bCool§r)"
    }
  }
}